,ID_MUNICIPIO,MUNICIPIO,DEPARTAMENTO,casos,poblacion,casos fallecidos,Porcentaje con primera dosis,Vacunados con esquema completo,Porcentaje con esquema completo,Vacunados con dosis de refuerzo,Porcentaje con dosis de refuerzo,Vacunados con segunda dosis de refuerzo,Porcentaje con segunda dosis de refuerzo
1,101,GUATEMALA,GUATEMALA,383816,1205668,4939,144.10%,1275863,117.10%,771750,70.90%,147512,13.50%
2,102,SANTA CATARINA PINULA,GUATEMALA,18805,86150,143,76.20%,53129,68.30%,23049,29.60%,1794,2.30%
3,103,SAN JOSï¿½ï¿½ï¿½,GUATEMALA,16584,87912,130,83.30%,52621,67.60%,26469,34%,1844,2.40%
4,104,SAN JOSï¿½ï¿½ï¿½ï¿½,GUATEMALA,862,8317,8,119.60%,7257,99%,3039,41.50%,289,3.90%
5,105,PALENCIA,GUATEMALA,6801,73811,65,57.40%,28491,44.60%,12196,19.10%,1081,1.70%
6,106,CHINAUTLA,GUATEMALA,13439,121721,166,51.60%,44226,40.90%,18169,16.80%,4554,4.20%
7,107,SAN PEDRO AYAMPUC,GUATEMALA,5863,65594,58,61.40%,31084,53.60%,17657,30.40%,2647,4.60%
8,108,MIXCO,GUATEMALA,87422,494561,1202,55.10%,240649,52.70%,172452,37.80%,44202,9.70%
9,109,SAN PEDRO SACATEPï¿½ï¿½,GUATEMALA,3957,54623,59,77.40%,34387,71.20%,20130,41.70%,2418,5%
10,110,SAN JUAN SACATEPï¿½ï¿½,GUATEMALA,14100,276836,183,43.90%,87629,36.10%,46409,19.10%,6004,2.50%
11,111,SAN RAYMUNDO,GUATEMALA,3147,38386,32,80.40%,22294,67.10%,10603,31.90%,2579,7.80%
12,112,CHUARRANCHO,GUATEMALA,525,17957,19,52.40%,6385,44.70%,3450,24.20%,886,6.20%
13,113,FRAIJANES,GUATEMALA,11799,61664,62,78.30%,33695,59.60%,16218,28.70%,2124,3.80%
14,114,AMATITLï¿½,GUATEMALA,13347,147604,222,56.40%,65618,49.70%,30121,22.80%,6262,4.70%
15,115,VILLA NUEVA,GUATEMALA,53266,464528,817,47.80%,186753,44.20%,113038,26.80%,25041,5.90%
16,116,VILLA CANALES,GUATEMALA,13524,165026,185,70%,88870,60.90%,45651,31.30%,10920,7.50%
17,117,SAN MIGUEL PETAPA,GUATEMALA,18284,145417,246,52.40%,67550,50.80%,39471,29.70%,8132,6.10%
18,201,GUASTATOYA,EL PROGRESO,5255,27001,89,95.40%,18492,75.90%,8864,36.40%,897,3.70%
19,202,MORAZï¿½,EL PROGRESO,1206,12577,33,62.90%,6065,54%,2788,24.80%,273,2.40%
20,203,SAN AGUSTï¿½ï¿½ï¿½ï¿½ï¿½ï¿½,EL PROGRESO,2932,54588,75,45.20%,16445,34.80%,6039,12.80%,816,1.70%
21,204,SAN CRISTï¿½ï¿½ï¿½ï¿½ï¿½ï¿½BA,EL PROGRESO,652,7851,10,55.40%,3305,46.60%,1823,25.70%,309,4.40%
22,205,EL Jï¿½ï¿½,EL PROGRESO,1285,13508,21,61.20%,6196,51.40%,3213,26.70%,551,4.60%
23,206,SANSARE,EL PROGRESO,691,13535,66,65.30%,6632,54.60%,3221,26.50%,255,2.10%
24,207,SANARATE,EL PROGRESO,4594,41997,5,61.60%,18642,49.60%,7768,20.70%,911,2.40%
25,208,SAN ANTONIO LA PAZ,EL PROGRESO,1912,22012,28,64.90%,10423,53.70%,5030,25.90%,594,3.10%
26,301,ANTIGUA GUATEMALA,SACATEPEQUEZ,14897,58338,182,104.30%,48756,89.70%,35228,64.80%,8649,15.90%
27,302,JOCOTENANGO,SACATEPEQUEZ,5541,23160,72,77%,14926,69.20%,8038,37.30%,1312,6.10%
28,303,PASTORES,SACATEPEQUEZ,2307,19389,36,63.70%,10415,59%,6786,38.50%,1032,5.80%
29,304,SUMPANGO,SACATEPEQUEZ,3369,45249,34,69.70%,25533,62.50%,14720,36%,2841,6.90%
30,305,SANTO DOMINGO XENACOJ,SACATEPEQUEZ,997,14121,14,75.60%,8972,70.30%,5786,45.30%,1287,10.10%
31,306,SANTIAGO SACATEPï¿½ï¿½,SACATEPEQUEZ,3967,36409,56,77.90%,21595,65.10%,11396,34.40%,1455,4.40%
32,307,SAN BARTOLOMï¿½ï¿½ï¿½ï¿½ï¿½,SACATEPEQUEZ,1654,8519,27,98.40%,5843,74.70%,3966,50.70%,1107,14.20%
33,308,SAN LUCAS SACATEPï¿½ï¿½,SACATEPEQUEZ,7288,28445,92,68.60%,15357,58.70%,10917,41.70%,2257,8.60%
34,309,SANTA LUCï¿½ï¿½ï¿½ï¿½ï¿½ï,SACATEPEQUEZ,2397,17116,33,69.90%,9845,62.30%,5571,35.30%,1179,7.50%
35,310,MAGDALENA MILPAS ALTAS,SACATEPEQUEZ,1258,12674,17,86.90%,9203,79.70%,5361,46.40%,1299,11.30%
36,311,SANTA MARï¿½ï¿½ï¿½ï¿½ï,SACATEPEQUEZ,686,26472,18,39.30%,6905,29.50%,3294,14.10%,406,1.70%
37,312,CIUDAD VIEJA,SACATEPEQUEZ,4808,40083,52,57.80%,19327,52.20%,8262,22.30%,1620,4.40%
38,313,SAN MIGUEL DUEï¿½ï,SACATEPEQUEZ,1517,15231,30,71.80%,7990,57.30%,4550,32.70%,512,3.70%
39,314,ALOTENANGO,SACATEPEQUEZ,1693,27787,26,53.90%,11868,47.60%,6317,25.30%,669,2.70%
40,315,SAN ANTONIO AGUAS CALIENTES,SACATEPEQUEZ,694,12438,7,72.50%,6983,61.10%,3163,27.70%,180,1.60%
41,316,SANTA CATARINA BARAHONA,SACATEPEQUEZ,182,4480,4,121%,3970,96.20%,1621,39.30%,127,3.10%
42,401,CHIMALTENANGO,CHIMALTENANGO,13570,112778,217,88.90%,76810,75%,46682,45.60%,7619,7.40%
43,402,SAN JOSï¿½ï¿½ï¿½ï,CHIMALTENANGO,692,32963,11,63.30%,14779,50.10%,6930,23.50%,302,1%
44,403,SAN MARTï¿½ï¿½ï¿½ï¿½ï¿½,CHIMALTENANGO,2688,92103,41,61%,39247,48%,17549,21.50%,1140,1.40%
45,404,SAN JUAN COMALAPA,CHIMALTENANGO,2019,58174,40,57.20%,23625,45.10%,11201,21.40%,1761,3.40%
46,405,SANTA APOLONIA,CHIMALTENANGO,507,23166,8,68.50%,11397,57.40%,4805,24.20%,321,1.60%
47,406,TECPï¿½ï¿½ï¿½ï¿½ï,CHIMALTENANGO,3009,108893,86,68.20%,51214,54%,22981,24.20%,2947,3.10%
48,407,PATZï¿½,CHIMALTENANGO,1797,69560,58,68.30%,36098,58.30%,14401,23.30%,827,1.30%
49,408,POCHUTA,CHIMALTENANGO,337,10996,8,74.50%,6509,66.40%,4690,47.90%,764,7.80%
50,409,PATZICï¿½,CHIMALTENANGO,1770,39337,29,58.60%,16722,47.50%,8053,22.90%,671,1.90%
51,410,SANTA CRUZ BALANYï¿,CHIMALTENANGO,737,10646,7,79%,6308,66.90%,2873,30.50%,333,3.50%
52,411,ACATENANGO,CHIMALTENANGO,1177,28043,19,59.30%,12333,50%,6818,27.60%,1775,7.20%
53,412,YEPOCAPA,CHIMALTENANGO,1100,41304,16,64.30%,18867,52%,8541,23.60%,636,1.80%
54,413,SAN ANDRï¿½ï¿½ï¿½ï,CHIMALTENANGO,1700,34591,21,71%,17217,56.50%,8761,28.70%,728,2.40%
55,414,PARRAMOS,CHIMALTENANGO,1518,19693,22,82.80%,11015,61.70%,5158,28.90%,425,2.40%
56,415,ZARAGOZA,CHIMALTENANGO,2631,28473,40,72.90%,15482,60.90%,8427,33.20%,2161,8.50%
57,416,EL TEJAR,CHIMALTENANGO,2789,22618,26,108%,19186,92.50%,9222,44.50%,2390,11.50%
58,501,ESCUINTLA,ESCUINTLA,15157,166078,419,69.20%,78001,51.70%,44664,29.60%,8934,5.90%
59,502,SANTA LUCï¿½ï¿½ï¿½ï¿½ï¿½ï¿,ESCUINTLA,4038,123979,158,62.60%,53140,47.90%,30897,27.90%,2670,2.40%
60,503,LA DEMOCRACIA,ESCUINTLA,929,25479,24,70.70%,12328,55%,6251,27.90%,481,2.10%
61,504,SIQUINALï¿,ESCUINTLA,1237,25677,31,90.30%,17357,76.40%,10181,44.80%,1294,5.70%
62,505,MASAGUA,ESCUINTLA,1919,47441,48,88.90%,28139,67.30%,12347,29.50%,1410,3.40%
63,506,TIQUISATE,ESCUINTLA,3341,62895,92,69.60%,29727,53.60%,15571,28.10%,1428,2.60%
64,507,LA GOMERA,ESCUINTLA,2300,51024,58,59.90%,20590,45.20%,9121,20%,803,1.80%
65,508,GUANAGAZAPA,ESCUINTLA,557,17234,13,56.10%,5892,39.10%,1911,12.70%,163,1.10%
66,509,PUERTO DE SAN JOSï¿,ESCUINTLA,2387,66314,84,59.60%,27547,46.40%,15131,25.50%,3366,5.70%
67,510,IZTAPA,ESCUINTLA,566,19778,10,45.10%,6093,34.40%,2832,16%,206,1.20%
68,511,PALï¿½,ESCUINTLA,3020,70118,87,62.40%,29715,47.10%,13801,21.90%,1865,3%
69,512,SAN VICENTE PACAYA,ESCUINTLA,1157,17923,21,69.90%,8430,52.60%,3948,24.60%,572,3.60%
70,513,NUEVA CONCEPCIï¿½,ESCUINTLA,1652,80234,62,38.80%,19300,27.20%,6600,9.30%,454,0.60%
71,514,SIPACATE,ESCUINTLA,454,17465,15,68.30%,7406,47.30%,2874,18.30%,340,2.20%
72,601,CUILAPA,SANTA ROSA,3490,46489,41,82.20%,22952,54.50%,13619,32.40%,2325,5.50%
73,602,BARBERENA,SANTA ROSA,2952,60376,43,51.20%,22034,40.50%,7884,14.50%,756,1.40%
74,603,SANTA ROSA DE LIMA,SANTA ROSA,689,21088,17,40%,6214,32.60%,3250,17.10%,376,2%
75,604,CASILLAS,SANTA ROSA,1356,25859,16,46.20%,9103,39.30%,3373,14.60%,391,1.70%
76,605,SAN RAFAEL LAS FLORES,SANTA ROSA,877,13620,12,48.30%,4792,39.40%,1986,16.30%,143,1.20%
77,606,ORATORIO,SANTA ROSA,1336,26686,19,46.90%,8743,36.40%,3603,15%,454,1.90%
78,607,SAN JUAN TECUACO,SANTA ROSA,272,12599,1,60.50%,5413,48.20%,2142,19.10%,154,1.40%
79,608,CHIQUIMULILLA,SANTA ROSA,2063,63897,29,49.90%,20444,35.20%,9190,15.80%,1583,2.70%
80,609,TAXISCO,SANTA ROSA,914,36117,26,46.70%,11556,35.30%,4967,15.20%,547,1.70%
81,610,SANTA MARï¿½ï¿½ï¿½ï¿½ï,SANTA ROSA,1027,26560,10,43.30%,7545,31.90%,3048,12.90%,318,1.30%
82,611,GUAZACAPï¿½,SANTA ROSA,787,21906,9,69.70%,10862,55.10%,7686,39%,1209,6.10%
83,612,SANTA CRUZ NARANJO,SANTA ROSA,939,17569,12,51.80%,6515,40.80%,2973,18.60%,438,2.70%
84,613,PUEBLO NUEVO VIï¿½ï,SANTA ROSA,831,29285,12,54.50%,11350,43.80%,4299,16.60%,608,2.30%
85,614,NUEVA SANTA ROSA,SANTA ROSA,1744,38981,32,41.60%,10722,30.60%,4060,11.60%,246,0.70%
86,701,SOLOLï¿,SOLOLA,3322,98886,91,49%,33051,37.80%,17954,20.50%,2371,2.70%
87,702,SAN JOSï¿½ï¿½ï¿½ï¿,SOLOLA,163,5128,8,80.80%,3224,72.10%,1320,29.50%,154,3.40%
88,703,SANTA MARï¿½ï¿½ï¿½ï¿½ï¿½,SOLOLA,71,2563,2,65.90%,1374,60.10%,896,39.20%,104,4.50%
89,704,SANTA LUCï¿½ï¿½ï¿½ï¿½,SOLOLA,548,21695,20,72.80%,11927,62%,5786,30.10%,376,2%
90,705,NAHUALï¿,SOLOLA,1013,91523,51,25.30%,14678,18.10%,6572,8.10%,677,0.80%
91,706,SANTA CATARINA IXTAHUACï¿½,SOLOLA,518,60200,22,29.10%,11510,21.80%,5086,9.60%,802,1.50%
92,707,SANTA CLARA LA LAGUNA,SOLOLA,120,10200,4,49.20%,3633,40.10%,1564,17.30%,79,0.90%
93,708,CONCEPCIï¿½,SOLOLA,15,7105,26,15.20%,989,16.10%,506,8.20%,149,2.40%
94,709,SAN ANDRï¿½ï¿½ï¿½ï¿½ï,SOLOLA,585,14640,56,62.30%,7831,60.70%,3279,25.40%,301,2.30%
95,710,PANAJACHEL,SOLOLA,1917,15840,11,84.80%,8801,61.70%,4029,28.20%,586,4.10%
96,711,SANTA CATARINA PALOPï¿,SOLOLA,64,4840,31,76%,2633,61.90%,516,12.10%,60,1.40%
97,712,SAN ANTONIO PALOPï¿,SOLOLA,147,15639,1,29.10%,3809,27.90%,1912,14%,248,1.80%
98,713,SAN LUCAS TOLIMï¿½,SOLOLA,852,31581,1,59.20%,11860,42.70%,5029,18.10%,441,1.60%
99,714,SANTA CRUZ LA LAGUNA,SOLOLA,32,7817,2,50.30%,2849,42.40%,2070,30.80%,520,7.70%
100,715,SAN PABLO LA LAGUNA,SOLOLA,20,7950,6,29.70%,1813,25.50%,1108,15.60%,248,3.50%
101,716,SAN MARCOS LA LAGUNA,SOLOLA,16,2911,7,78.80%,1475,56.30%,702,26.80%,182,6.90%
102,717,SAN JUAN LA LAGUNA,SOLOLA,327,13123,32,47.70%,4618,39.60%,2166,18.60%,313,2.70%
103,718,SAN PEDRO LA LAGUNA,SOLOLA,334,11600,221,50.50%,4702,44.20%,2507,23.60%,449,4.20%
104,719,SANTIAGO ATITLï¿½,SOLOLA,804,44025,54,30.50%,9704,24.20%,5310,13.20%,977,2.40%
105,801,TOTONICAPï¿½,TOTONICAPAN,8766,117483,26,66.60%,58991,56.40%,34578,33.10%,4027,3.90%
106,802,SAN CRISTï¿½ï¿½ï¿½ï¿½ï¿½ï¿½,TOTONICAPAN,2507,42354,5,52%,17133,45.60%,8004,21.30%,1385,3.70%
107,803,SAN FRANCISCO EL ALTO,TOTONICAPAN,993,64224,55,53.30%,22028,39.10%,6461,11.50%,493,0.90%
108,804,SAN ANDRï¿½ï¿½ï¿½,TOTONICAPAN,344,29356,9,38.90%,7459,29.20%,2398,9.40%,260,1%
109,805,MOMOSTENANGO,TOTONICAPAN,2941,136909,5,45.40%,38209,33%,15026,13%,1719,1.50%
110,806,SANTA MARï¿½ï¿½ï¿½ï¿½ï¿,TOTONICAPAN,430,58526,9,24.80%,7899,16.40%,3198,6.60%,525,1.10%
111,807,SANTA LUCï¿½ï¿½ï¿½ï¿½ï¿,TOTONICAPAN,143,25461,661,25.90%,4213,20.40%,2108,10.20%,184,0.90%
112,808,SAN BARTOLO,TOTONICAPAN,440,12374,25,67.90%,5874,57.60%,2792,27.40%,602,5.90%
113,901,QUETZALTENANGO,QUETZALTENANGO,50621,196867,32,92.30%,147323,82.10%,87015,48.50%,15893,8.90%
114,902,SALCAJï¿,QUETZALTENANGO,2961,20851,27,102.80%,16350,86.30%,8702,45.90%,1969,10.40%
115,903,OLINTEPEQUE,QUETZALTENANGO,2222,38219,7,46.60%,12829,37.90%,7776,23%,2401,7.10%
116,904,SAN CARLOS SIJA,QUETZALTENANGO,1080,34866,12,54.40%,14409,46.80%,5990,19.40%,405,1.30%
117,905,SIBILIA,QUETZALTENANGO,393,8766,7,95.30%,6345,83%,3493,45.70%,297,3.90%
118,906,CABRICï¿½,QUETZALTENANGO,606,27307,2,73%,15485,64.80%,6837,28.60%,1065,4.50%
119,907,CAJOLï¿,QUETZALTENANGO,254,18896,36,55.90%,6625,42%,2487,15.80%,419,2.70%
120,908,SAN MIGUEL SIGï¿½ï¿½,QUETZALTENANGO,77,9607,20,53.20%,3500,43.40%,1710,21.20%,229,2.80%
121,909,SAN JUAN OSTUNCALCO,QUETZALTENANGO,1749,60791,17,57.40%,23967,46.30%,9221,17.80%,1149,2.20%
122,910,SAN MATEO,QUETZALTENANGO,1076,8658,9,103.10%,6451,84.10%,2670,34.80%,270,3.50%
123,911,CONCEPCIï¿½ï¿½ï¿½ï¿½ï¿½ï¿,QUETZALTENANGO,322,20245,14,61.80%,8514,48.40%,4279,24.30%,455,2.60%
124,912,SAN MARTï¿½ï¿½ï¿½ï¿½ï¿½ï¿,QUETZALTENANGO,277,32771,48,49.90%,10786,38.60%,4820,17.30%,468,1.70%
125,913,ALMOLONGA,QUETZALTENANGO,245,16679,5,48.10%,5679,37.10%,2511,16.40%,200,1.30%
126,914,CANTEL,QUETZALTENANGO,2410,45229,10,47.50%,13983,34.50%,6834,16.90%,1124,2.80%
127,915,HUITï¿½,QUETZALTENANGO,208,14522,57,67.90%,6336,52.50%,2201,18.20%,261,2.20%
128,916,ZUNIL,QUETZALTENANGO,402,15414,5,39.50%,4475,32.20%,2698,19.40%,340,2.40%
129,917,COLOMBA,QUETZALTENANGO,1427,55290,23,49.80%,19925,41.50%,9739,20.30%,1091,2.30%
130,918,SAN FRANCISCO LA UNIï¿½,QUETZALTENANGO,119,9361,264,63.20%,4113,50.20%,1946,23.70%,296,3.60%
131,919,EL PALMAR,QUETZALTENANGO,856,30973,39,50%,10356,38.60%,5685,21.20%,776,2.90%
132,920,COATEPEQUE,QUETZALTENANGO,11849,117579,20,70.40%,56259,54.30%,33104,31.90%,6178,6%
133,921,Gï¿½ï¿½,QUETZALTENANGO,1145,45162,53,44.10%,13337,34.40%,6151,15.90%,660,1.70%
134,922,FLORES COSTA CUCA,QUETZALTENANGO,881,23851,13,42.60%,7177,34%,3810,18.10%,944,4.50%
135,923,LA ESPERANZA,QUETZALTENANGO,3523,24199,206,81.30%,13873,64%,7386,34.10%,1194,5.50%
136,924,PALESTINA DE LOS ALTOS,QUETZALTENANGO,595,20299,53,41.10%,5387,31.60%,2874,16.90%,396,2.30%
137,1001,MAZATENANGO,SUCHITEPEQUEZ,10179,83448,39,93.20%,56943,76.50%,37146,49.90%,6383,8.60%
138,1002,CUYOTENANGO,SUCHITEPEQUEZ,1995,37283,14,51.40%,13819,41.90%,6548,19.90%,915,2.80%
139,1003,SAN FRANCISCO ZAPOTITLï¿½,SUCHITEPEQUEZ,1509,24289,8,41.70%,7561,34.60%,3980,18.20%,969,4.40%
140,1004,SAN BERNARDINO,SUCHITEPEQUEZ,690,16817,29,36.40%,3981,26.80%,1570,10.60%,160,1.10%
141,1005,SAN JOSï¿½ï¿½ï¿½ï¿,SUCHITEPEQUEZ,433,11870,6,70.90%,5995,57.50%,3056,29.30%,208,2%
142,1006,SANTO DOMINGO SUCHITEPï¿½ï¿½,SUCHITEPEQUEZ,993,48188,27,45.20%,14987,35.40%,5465,12.90%,215,0.50%
143,1007,SAN LORENZO,SUCHITEPEQUEZ,315,13811,20,6.60%,612,5%,290,2.40%,3,0%
144,1008,SAMAYAC,SUCHITEPEQUEZ,1139,26350,64,33.90%,5921,25.10%,3084,13.10%,735,3.10%
145,1009,SAN PABLO JOCOPILAS,SUCHITEPEQUEZ,527,22048,5,40.50%,6592,33.10%,3949,19.80%,692,3.50%
146,1010,SAN ANTONIO SUCHITEPï¿½ï¿½,SUCHITEPEQUEZ,2382,64441,12,35%,14806,26.10%,5724,10.10%,896,1.60%
147,1011,SAN MIGUEL PANï¿½,SUCHITEPEQUEZ,149,12261,47,31.20%,2391,22.50%,1136,10.70%,155,1.50%
148,1012,SAN GABRIEL,SUCHITEPEQUEZ,344,7945,30,50.60%,3067,43.30%,1652,23.30%,255,3.60%
149,1013,CHICACAO,SUCHITEPEQUEZ,1574,67994,12,49%,21070,36%,11136,19%,676,1.20%
150,1014,PATULUL,SUCHITEPEQUEZ,1074,41984,3,84.30%,25078,67.80%,13744,37.20%,920,2.50%
151,1015,SANTA Bï¿½ï¿½ï,SUCHITEPEQUEZ,579,27567,16,68.80%,13592,57.10%,8419,35.40%,925,3.90%
152,1016,SAN JUAN BAUTISTA,SUCHITEPEQUEZ,118,9238,14,63.50%,4229,52.10%,1929,23.80%,145,1.80%
153,1017,SANTO TOMï¿½ï¿½ï¿½ï¿½ï,SUCHITEPEQUEZ,575,12569,8,51%,5250,46%,3590,31.50%,683,6%
154,1018,ZUNILITO,SUCHITEPEQUEZ,420,8724,17,63.80%,4325,54.90%,2400,30.50%,230,2.90%
155,1019,PUEBLO NUEVO SUCHITEPï¿½ï¿½,SUCHITEPEQUEZ,252,11980,9,54.10%,5152,48.30%,3018,28.30%,476,4.50%
156,1020,Rï¿½ï¿½ï¿½,SUCHITEPEQUEZ,669,30776,142,58%,12685,47.20%,6590,24.50%,460,1.70%
157,1021,SAN JOSï¿½ï¿½ï¿½ï¿½ï¿,SUCHITEPEQUEZ,412,25716,15,44.80%,7152,31.80%,2975,13.20%,276,1.20%
158,1101,RETALHULEU,RETALHULEU,8330,108405,11,68.80%,55644,57.50%,28981,29.90%,5470,5.70%
159,1102,SAN SEBASTIï¿½,RETALHULEU,1436,30444,18,65.10%,14045,51.70%,7929,29.20%,1162,4.30%
160,1103,SANTA CRUZ MULï¿½,RETALHULEU,915,15835,44,61.10%,7143,51%,4429,31.60%,705,5%
161,1104,SAN MARTï¿½ï¿½ï¿½ï¿½ï¿½,RETALHULEU,1258,12905,37,67.40%,6701,58.50%,4282,37.40%,665,5.80%
162,1105,SAN FELIPE,RETALHULEU,2560,26191,31,58.80%,11574,49.70%,7605,32.70%,2688,11.50%
163,1106,SAN ANDRï¿½ï¿½ï¿½ï¿½ï¿,RETALHULEU,1934,55133,20,47.10%,17391,36.50%,9302,19.50%,1622,3.40%
164,1107,CHAMPERICO,RETALHULEU,1112,38006,31,49.70%,13037,39.10%,7481,22.50%,1684,5.10%
165,1108,NUEVO SAN CARLOS,RETALHULEU,1544,41552,142,46.80%,13451,36.80%,7681,21%,1920,5.30%
166,1109,EL ASINTAL,RETALHULEU,1573,42601,99,35.80%,10845,28.70%,6628,17.50%,1411,3.70%
167,1201,SAN MARCOS,SAN MARCOS,10109,48644,13,105.30%,38904,90%,21696,50.20%,4078,9.40%
168,1202,SAN PEDRO SACATEPï¿½ï¿½,SAN MARCOS,9439,84350,20,67.40%,43012,57%,18032,23.90%,2556,3.40%
169,1203,SAN ANTONIO SACATEPï¿½ï¿½,SAN MARCOS,640,20579,15,62.90%,9296,51.60%,4357,24.20%,363,2%
170,1204,COMITANCILLO,SAN MARCOS,524,79867,26,56.50%,28544,42.90%,11486,17.20%,626,0.90%
171,1205,SAN MIGUEL IXTAHUACï¿½,SAN MARCOS,666,51975,21,65.70%,20178,47%,7694,17.90%,614,1.40%
172,1206,CONCEPCIï¿½ï¿½ï¿½ï¿,SAN MARCOS,582,82876,13,50.20%,20221,29.50%,5513,8.10%,353,0.50%
173,1207,TACANï¿,SAN MARCOS,794,81005,15,31.90%,16482,23.60%,5840,8.30%,308,0.40%
174,1208,SIBINAL,SAN MARCOS,354,16786,17,34.60%,3737,25.80%,1807,12.50%,279,1.90%
175,1209,TAJUMULCO,SAN MARCOS,231,62329,20,44.80%,19809,37.80%,7561,14.40%,686,1.30%
176,1210,TEJUTLA,SAN MARCOS,551,43512,31,66.40%,19798,53.20%,7704,20.70%,776,2.10%
177,1211,SAN RAFAEL PIï¿½ï¿½ï¿½ï¿½ï¿½,SAN MARCOS,729,18128,45,63.10%,8053,50.10%,4265,26.60%,616,3.80%
178,1212,NUEVO PROGRESO,SAN MARCOS,1016,31500,8,46.90%,10603,38.30%,6319,22.80%,1467,5.30%
179,1213,EL TUMBADOR,SAN MARCOS,1631,51299,88,56.70%,20181,44.90%,10025,22.30%,1435,3.20%
180,1214,EL RODEO,SAN MARCOS,371,19080,23,43.90%,6515,38.80%,3289,19.60%,405,2.40%
181,1215,MALACATï¿½,SAN MARCOS,2984,108134,65,35.80%,24313,25.80%,11965,12.70%,1302,1.40%
182,1216,CATARINA,SAN MARCOS,893,32104,19,39.40%,8598,30.30%,4081,14.40%,400,1.40%
183,1217,AYUTLA,SAN MARCOS,2082,45434,33,72.10%,22089,55.20%,11445,28.60%,2042,5.10%
184,1218,OCï¿½,SAN MARCOS,289,12573,13,72.80%,6874,62.20%,2176,19.70%,126,1.10%
185,1219,SAN PABLO,SAN MARCOS,1229,51253,21,43.30%,14877,33.10%,7689,17.10%,903,2%
186,1220,EL QUETZAL,SAN MARCOS,247,25475,33,59.40%,10706,48.50%,6517,29.50%,1576,7.10%
187,1221,LA REFORMA,SAN MARCOS,494,23394,6,57.20%,9829,48.10%,5697,27.90%,1546,7.60%
188,1222,PAJAPITA,SAN MARCOS,1172,23021,20,56.40%,8414,41.70%,3504,17.40%,267,1.30%
189,1223,IXCHIGUï¿½,SAN MARCOS,152,24580,6,71.20%,11345,54.20%,4454,21.30%,202,1%
190,1224,SAN JOSï¿½ï¿½ï¿½ï¿,SAN MARCOS,543,22423,5,38.40%,5198,26.90%,2020,10.50%,121,0.60%
191,1225,SAN CRISTï¿½ï¿½ï¿½ï¿,SAN MARCOS,340,17811,18,52.30%,6715,43.70%,3041,19.80%,240,1.60%
192,1226,SIPACAPA,SAN MARCOS,139,26714,19,48.30%,7730,34.30%,3112,13.80%,123,0.50%
193,1227,ESQUIPULAS PALO GORDO,SAN MARCOS,789,13785,34,74.80%,7531,62.90%,4044,33.80%,451,3.80%
194,1228,Rï¿½ï¿½ï¿½ï,SAN MARCOS,241,6012,251,102.40%,4745,89.90%,3157,59.80%,497,9.40%
195,1229,SAN LORENZO,SAN MARCOS,461,13803,51,80.20%,8617,71.90%,4405,36.80%,396,3.30%
196,1230,LA BLANCA,SAN MARCOS,933,33764,11,36.80%,7658,26.20%,3572,12.20%,378,1.30%
197,1301,HUEHUETENANGO,HUEHUETENANGO,20141,129232,37,109.70%,101250,86%,51591,43.80%,10742,9.10%
198,1302,CHIANTLA,HUEHUETENANGO,4220,91954,16,51.80%,34040,43%,15450,19.50%,2221,2.80%
199,1303,MALACATANCITO,HUEHUETENANGO,514,21855,12,56.50%,9431,48.90%,5516,28.60%,405,2.10%
200,1304,CUILCO,HUEHUETENANGO,798,65178,31,26%,10504,19%,4320,7.80%,339,0.60%
201,1305,NENTï¿½,HUEHUETENANGO,432,49299,12,45.30%,13510,32.50%,6186,14.90%,402,1%
202,1306,SAN PEDRO NECTA,HUEHUETENANGO,675,40493,17,36.10%,8129,23.40%,3305,9.50%,225,0.60%
203,1307,JACALTENANGO,HUEHUETENANGO,1046,42375,9,54.40%,17658,46.60%,9672,25.50%,1155,3%
204,1308,SAN PEDRO SOLOMA,HUEHUETENANGO,297,61547,4,59.30%,22771,43.90%,7764,15%,1259,2.40%
205,1309,SAN ILDELFONSO IXTAHUACï¿½,HUEHUETENANGO,542,54382,10,23%,5661,12.40%,2609,5.70%,323,0.70%
206,1310,SANTA Bï¿½ï¿½ï,HUEHUETENANGO,259,42667,8,24.80%,4883,13.40%,2278,6.30%,380,1%
207,1311,LA LIBERTAD,HUEHUETENANGO,812,46629,26,39.10%,11378,28.20%,3759,9.30%,116,0.30%
208,1312,LA DEMOCRACIA,HUEHUETENANGO,1053,59788,6,34.10%,12561,24.40%,5164,10%,143,0.30%
209,1313,SAN MIGUEL ACATï¿½,HUEHUETENANGO,170,35071,12,37.60%,6734,23.20%,2828,9.70%,169,0.60%
210,1314,SAN RAFAEL LA INDEPENDENCIA,HUEHUETENANGO,307,18222,9,45.10%,5036,33.40%,2188,14.50%,178,1.20%
211,1315,TODOS SANTOS CUCHUMATï¿½,HUEHUETENANGO,184,38303,16,69.20%,17505,53.40%,6465,19.70%,73,0.20%
212,1316,SAN JUAN ATITï¿½,HUEHUETENANGO,307,25165,6,61%,9444,43.20%,3308,15.10%,267,1.20%
213,1317,SANTA EULALIA,HUEHUETENANGO,340,50171,4,58%,16290,38.70%,6354,15.10%,442,1.10%
214,1318,SAN MATEO IXTATï¿½,HUEHUETENANGO,182,57277,16,38.20%,11409,23.80%,3655,7.60%,121,0.30%
215,1319,COLOTENANGO,HUEHUETENANGO,333,43622,13,29.80%,6291,17.40%,1944,5.40%,147,0.40%
216,1320,SAN SEBASTIï¿½ï¿½ï¿½ï¿½ï¿½ï¿,HUEHUETENANGO,618,41035,8,53.70%,14514,40.90%,5607,15.80%,553,1.60%
217,1321,TECTITï¿½,HUEHUETENANGO,194,11635,10,46.40%,3495,35.30%,1342,13.50%,84,0.80%
218,1322,CONCEPCIï¿½ï¿½ï¿½ï,HUEHUETENANGO,91,20384,9,45.90%,4788,27.20%,2050,11.60%,96,0.50%
219,1323,SAN JUAN IXCOY,HUEHUETENANGO,312,30205,13,36.30%,6132,24.50%,2192,8.80%,224,0.90%
220,1324,SAN ANTONIO HUISTA,HUEHUETENANGO,649,18291,2,43.40%,5852,35.90%,3418,21%,366,2.20%
221,1325,SAN SEBASTIï¿½ï¿½ï¿½ï¿,HUEHUETENANGO,159,25332,26,69.40%,13807,64.10%,8218,38.10%,686,3.20%
222,1326,BARILLAS,HUEHUETENANGO,1659,122466,33,24.40%,16176,15.70%,7703,7.50%,1194,1.20%
223,1327,AGUACATï¿½,HUEHUETENANGO,1340,57977,4,60.60%,25094,49.60%,11177,22.10%,702,1.40%
224,1328,SAN RAFAEL PETZAL,HUEHUETENANGO,194,12330,5,22.10%,1798,16.90%,961,9%,83,0.80%
225,1329,SAN GASPAR IXCHIL,HUEHUETENANGO,124,10341,6,36.90%,2189,25.80%,1159,13.70%,111,1.30%
226,1330,SANTIAGO CHIMALTENANGO,HUEHUETENANGO,138,13971,9,41.80%,3303,26.60%,1621,13.10%,128,1%
227,1331,SANTA ANA HUISTA,HUEHUETENANGO,274,10225,12,58.90%,4518,49.90%,2745,30.30%,322,3.60%
228,1332,UNION CANTINIL,HUEHUETENANGO,350,17393,3,60.70%,7782,51.10%,2517,16.50%,193,1.30%
229,1333,PETATï¿½,HUEHUETENANGO,211,6861,100,49.70%,2498,42.70%,1061,18.10%,247,4.20%
230,1401,SANTA CRUZ DEL QUICHï¿,QUICHE,9363,97974,6,45.60%,32230,37.20%,21768,25.10%,4520,5.20%
231,1402,CHICHï¿,QUICHE,493,32038,12,47.50%,8981,33.10%,3681,13.60%,764,2.80%
232,1403,CHINIQUE,QUICHE,570,13294,16,61.90%,5990,51.50%,3443,29.60%,612,5.30%
233,1404,ZACUALPA,QUICHE,1243,39269,7,28.70%,6323,18.70%,3209,9.50%,755,2.20%
234,1405,CHAJUL,QUICHE,1047,50814,66,38.90%,11596,26.70%,6243,14.40%,2071,4.80%
235,1406,CHICHICASTENANGO,QUICHE,2186,148943,3,51.50%,48818,37.70%,22638,17.50%,2485,1.90%
236,1407,PATZITï¿,QUICHE,76,7462,7,60.90%,3190,49.20%,1670,25.80%,279,4.30%
237,1408,SAN ANTONIO ILOTENANGO,QUICHE,239,30134,7,49.30%,8915,35.40%,3204,12.70%,371,1.50%
238,1409,SAN PEDRO JOCOPILAS,QUICHE,290,37419,18,39.60%,9036,28.40%,3465,10.90%,770,2.40%
239,1410,CUNï¿½,QUICHE,924,46350,12,38.20%,11605,29.90%,6593,17%,1050,2.70%
240,1411,SAN JUAN COTZAL,QUICHE,763,35616,26,47.80%,11645,38.40%,5922,19.50%,485,1.60%
241,1412,JOYABAJ,QUICHE,1779,104861,59,22.30%,13489,15.20%,6754,7.60%,1378,1.60%
242,1413,NEBAJ,QUICHE,3123,75979,11,71.20%,38617,58%,19805,29.80%,5030,7.60%
243,1414,SAN ANDRï¿½ï¿½ï¿½ï¿½ï¿,QUICHE,1012,27522,28,36.90%,6057,25.20%,2914,12.10%,362,1.50%
244,1415,SAN MIGUEL USPANTï¿½,QUICHE,1364,72955,28,32.30%,14844,24.20%,7988,13%,1574,2.60%
245,1416,SACAPULAS,QUICHE,1136,54845,2,38.40%,11637,25%,4913,10.50%,569,1.20%
246,1417,SAN BARTOLOMï¿½ï¿½ï¿½ï¿½ï¿,QUICHE,148,15586,5,23.20%,2394,18.30%,1171,8.90%,169,1.30%
247,1418,CANILLï¿,QUICHE,509,12577,10,55.20%,5057,46.80%,3206,29.70%,743,6.90%
248,1419,CHICAMï¿½,QUICHE,901,42342,37,38%,9216,26%,4467,12.60%,904,2.50%
249,1420,IXCï¿½,QUICHE,2086,107265,6,38%,24006,26.70%,12579,14%,2973,3.30%
250,1421,PACHALï¿½,QUICHE,508,9652,77,77.70%,6168,71.10%,4046,46.60%,830,9.60%
251,1501,SALAMï¿,BAJA VERAPAZ,4437,70066,30,80.90%,43493,69.70%,24729,39.60%,1780,2.90%
252,1502,SAN MIGUEL CHICAJ,BAJA VERAPAZ,1042,35895,27,47.50%,12682,40.20%,5452,17.30%,645,2%
253,1503,RABINAL,BAJA VERAPAZ,625,45937,12,50.80%,17781,43.80%,9802,24.10%,1564,3.90%
254,1504,CUBULCO,BAJA VERAPAZ,192,59496,8,36.50%,15256,29.60%,6898,13.40%,382,0.70%
255,1505,GRANADOS,BAJA VERAPAZ,713,14380,3,67%,7003,54.60%,3280,25.60%,158,1.20%
256,1506,EL CHOL,BAJA VERAPAZ,114,10229,22,82.70%,6848,74.40%,3147,34.20%,361,3.90%
257,1507,SAN JERï¿½ï¿½,BAJA VERAPAZ,1649,27591,3,63.90%,11973,48.60%,6864,27.80%,554,2.20%
258,1508,PURULHï¿,BAJA VERAPAZ,312,64292,165,31.70%,10417,19.40%,4175,7.80%,174,0.30%
259,1601,COBï¿½,ALTA VERAPAZ,15006,224109,23,46.50%,70721,35.60%,42110,21.20%,10183,5.10%
260,1602,SANTA CRUZ VERAPAZ,ALTA VERAPAZ,1902,34981,24,57.80%,13901,45.20%,6757,22%,517,1.70%
261,1603,SAN CRISTï¿½ï¿½ï¿½ï¿½ï,ALTA VERAPAZ,1353,79308,19,51.90%,25615,37.60%,11320,16.60%,815,1.20%
262,1604,TACTIC,ALTA VERAPAZ,1822,41224,1,46.60%,12865,35.60%,6434,17.80%,1000,2.80%
263,1605,TAMAHï¿,ALTA VERAPAZ,439,23858,6,50.70%,7780,37.60%,3816,18.40%,705,3.40%
264,1606,TUCURï¿,ALTA VERAPAZ,433,50093,9,30.70%,7737,18.10%,3332,7.80%,343,0.80%
265,1607,PANZOS,ALTA VERAPAZ,918,79777,8,33%,11221,16.70%,3930,5.80%,226,0.30%
266,1608,SENAHï¿,ALTA VERAPAZ,730,97296,47,40.20%,17303,20.80%,5814,7%,353,0.40%
267,1609,SAN PEDRO CARCHï¿,ALTA VERAPAZ,4458,248880,21,40.10%,47122,21.70%,17284,8%,1462,0.70%
268,1610,SAN JUAN CHAMELCO,ALTA VERAPAZ,1751,60355,5,56.80%,18758,35.50%,5834,11%,458,0.90%
269,1611,LANQUï¿½,ALTA VERAPAZ,353,26146,6,59.90%,8652,38.10%,4151,18.30%,721,3.20%
270,1612,CAHABï¿½,ALTA VERAPAZ,510,69107,20,40.40%,13106,21.70%,5210,8.60%,489,0.80%
271,1613,CHISEC,ALTA VERAPAZ,1094,104428,4,21.70%,10140,11.40%,3816,4.30%,424,0.50%
272,1614,CHAHAL,ALTA VERAPAZ,610,28890,20,32.80%,4569,18.20%,1686,6.70%,361,1.40%
273,1615,FRAY BARTOLOMï¿½ï¿½ï¿½ï¿½ï¿½,ALTA VERAPAZ,1073,76047,12,21.70%,9103,13.80%,4000,6.10%,496,0.80%
274,1616,LA TINTA,ALTA VERAPAZ,473,44819,16,44.40%,9764,25.20%,3664,9.50%,295,0.80%
275,1617,RAXRUHA,ALTA VERAPAZ,741,39350,87,23.10%,5344,15.80%,2255,6.60%,237,0.70%
276,1701,FLORES,PETEN,4504,43067,15,51.70%,22785,58.50%,11842,30.40%,2664,6.80%
277,1702,SAN JOSï¿,PETEN,317,7103,154,168.40%,7015,112.50%,3831,61.40%,1660,26.60%
278,1703,SAN BENITO,PETEN,5958,52439,10,58.70%,14450,30.80%,7800,16.60%,2181,4.60%
279,1704,SAN ANDRï¿½,PETEN,952,34823,86,14.70%,4035,13.70%,2164,7.30%,153,0.50%
280,1705,LA LIBERTAD,PETEN,3139,83375,23,40.70%,21959,30.40%,11393,15.80%,1945,2.70%
281,1706,SAN FRANCISCO,PETEN,1173,16339,32,52.40%,5277,37%,3517,24.70%,730,5.10%
282,1707,SANTA ANA,PETEN,995,23499,24,55.40%,8955,43.50%,4639,22.50%,687,3.30%
283,1708,DOLORES,PETEN,1033,29659,33,47.90%,10010,39.10%,5949,23.20%,1806,7.10%
284,1709,SAN LUIS,PETEN,1334,76128,63,49.20%,21551,32.90%,10740,16.40%,2529,3.90%
285,1710,SAYAXCHï¿,PETEN,2986,97003,33,55.20%,32136,39.20%,17535,21.40%,5251,6.40%
286,1711,MELCHOR DE MENCOS,PETEN,1207,30017,69,56.40%,10934,41.80%,6022,23%,957,3.70%
287,1712,POPTï¿½,PETEN,4063,66883,31,52.30%,25209,42.80%,15293,26%,4686,8%
288,1713,LAS CRUCES,PETEN,1301,37915,15,52%,12267,37.70%,6982,21.50%,1350,4.10%
289,1714,EL CHAL,PETEN,747,15225,331,67.60%,7558,57.20%,5121,38.80%,1735,13.10%
290,1801,PUERTO BARRIOS,IZABAL,13863,109753,39,57.20%,42664,42.70%,18997,19%,2125,2.10%
291,1802,LIVINGSTON,IZABAL,1733,79360,38,25.50%,13946,20.40%,6859,10%,894,1.30%
292,1803,EL ESTOR,IZABAL,1992,81385,176,22.50%,9033,13.30%,3360,4.90%,252,0.40%
293,1804,MORALES,IZABAL,5907,106156,33,41.50%,30473,32.20%,11981,12.70%,647,0.70%
294,1805,LOS AMATES,IZABAL,2095,63841,192,40.90%,17488,30.70%,6053,10.60%,330,0.60%
295,1901,ZACAPA,ZACAPA,9045,65730,34,71.20%,33566,57%,16631,28.20%,2612,4.40%
296,1902,ESTANZUELA,ZACAPA,1597,10859,1,74.30%,6261,63.90%,2455,25.10%,184,1.90%
297,1903,Rï¿½ï¿½ï¿½,ZACAPA,2554,23030,1,46.20%,7178,34.50%,3998,19.20%,719,3.50%
298,1904,GUALï¿½,ZACAPA,3337,49410,2,33.60%,11338,26.10%,5721,13.20%,226,0.50%
299,1905,TECULUTï¿½,ZACAPA,2239,20032,59,49.70%,6818,37.90%,3075,17.10%,184,1%
300,1906,USUMATLï¿½,ZACAPA,1373,13071,1,48.80%,4480,39%,2035,17.70%,139,1.20%
301,1907,CABAï¿½ï,ZACAPA,1400,14440,1,59.20%,5904,46%,3014,23.50%,308,2.40%
302,1908,SAN DIEGO,ZACAPA,394,7544,1,43%,2503,36.90%,1372,20.20%,125,1.80%
303,1909,LA UNIï¿½,ZACAPA,985,38270,1,40.20%,9290,29.10%,4386,13.70%,418,1.30%
304,1910,HUITï¿,ZACAPA,642,11948,1,52.60%,4491,43.90%,2148,21%,374,3.70%
305,1911,SAN JORGE,ZACAPA,727,13384,76,64.60%,6251,52.40%,2435,20.40%,214,1.80%
306,2001,CHIQUIMULA,CHIQUIMULA,10175,117014,37,61.20%,52441,50.50%,26718,25.70%,2982,2.90%
307,2002,SAN JOSï¿½ï¿½ï¿½ï¿,CHIQUIMULA,646,9088,23,48%,3482,42.80%,1858,22.90%,211,2.60%
308,2003,SAN JUAN LA ERMITA,CHIQUIMULA,830,18085,22,46%,5889,37%,3099,19.50%,242,1.50%
309,2004,JOCOTï¿½,CHIQUIMULA,1208,73093,12,32.30%,13429,21.90%,4308,7%,339,0.60%
310,2005,CAMOTï¿½,CHIQUIMULA,930,60848,24,41.70%,15632,30.80%,7364,14.50%,336,0.70%
311,2006,OLOPA,CHIQUIMULA,512,29283,11,31.40%,5513,22%,2608,10.40%,228,0.90%
312,2007,ESQUIPULAS,CHIQUIMULA,3030,55723,23,68.80%,28511,58%,13832,28.20%,1337,2.70%
313,2008,CONCEPCIï¿½ï¿½ï¿½ï¿½ï,CHIQUIMULA,944,12509,192,71.10%,6975,61.30%,3068,27%,230,2%
314,2009,QUETZALTEPEQUE,CHIQUIMULA,1246,29377,10,71.50%,15659,59.50%,8733,33.20%,1127,4.30%
315,2010,SAN JACINTO,CHIQUIMULA,820,13124,9,62.90%,6285,53.70%,2866,24.50%,335,2.90%
316,2011,IPALA,CHIQUIMULA,2277,23435,19,62%,10814,50.90%,5065,23.80%,888,4.20%
317,2101,JALAPA,JALAPA,7489,188522,18,40%,52288,32%,23042,14.10%,2103,1.30%
318,2102,SAN PEDRO PINULA,JALAPA,948,76020,4,38.40%,19141,29.30%,8019,12.30%,769,1.20%
319,2103,SAN LUIS JILOTEPEQUE,JALAPA,1472,26170,57,49.40%,9289,39.20%,4024,17%,387,1.60%
320,2104,SAN MANUEL CHAPARRï¿½,JALAPA,591,8139,16,62.90%,4415,54.50%,2021,25%,160,2%
321,2105,SAN CARLOS ALZATATE,JALAPA,241,21416,20,55.10%,7023,38.10%,3172,17.20%,329,1.80%
322,2106,MONJAS,JALAPA,1809,28097,25,61%,15155,55.70%,5189,19.10%,450,1.70%
323,2107,MATAQUESCUINTLA,JALAPA,1121,45870,33,47.50%,16393,40.30%,7949,19.50%,1158,2.80%
324,2201,JUTIAPA,JUTIAPA,9826,163665,126,57.90%,68184,46.80%,31412,21.60%,4033,2.80%
325,2202,EL PROGRESO,JUTIAPA,2531,25189,13,96.80%,19402,84.40%,10175,44.30%,740,3.20%
326,2203,SANTA CATARINA MITA,JUTIAPA,1453,30812,18,49.20%,11807,42.40%,5637,20.20%,356,1.30%
327,2204,AGUA BLANCA,JUTIAPA,1038,17322,2,71.40%,10190,64.10%,5168,32.50%,550,3.50%
328,2205,ASUNCIï¿½ï¿½ï¿,JUTIAPA,4238,51770,2,60.70%,24527,52.20%,10947,23.30%,770,1.60%
329,2206,YUPILTEPEQUE,JUTIAPA,575,17833,27,40.50%,5248,32.60%,1631,10.10%,67,0.40%
330,2207,ATESCATEMPA,JUTIAPA,950,19514,22,55.60%,8644,48.30%,3246,18.10%,126,0.70%
331,2208,JEREZ,JUTIAPA,375,6706,168,70.70%,3596,58.50%,1502,24.40%,93,1.50%
332,2209,EL ADELANTO,JUTIAPA,231,8272,35,68.30%,4383,59.10%,2065,27.90%,154,2.10%
333,2210,ZAPOTITLï¿½,JUTIAPA,293,10340,25,48.50%,3703,39.80%,1807,19.40%,117,1.30%
334,2211,COMAPA,JUTIAPA,532,36047,14,45.30%,11075,34.60%,3370,10.50%,127,0.40%
335,2212,JALPATAGUA,JUTIAPA,1118,30912,73,48.90%,11209,40.30%,5238,18.80%,530,1.90%
336,2213,CONGUACO,JUTIAPA,573,29121,17,36.70%,6805,27.30%,2507,10.10%,125,0.50%
337,2214,MOYUTA,JUTIAPA,1309,50348,24,38.90%,13277,30%,5040,11.40%,313,0.70%
338,2215,PASACO,JUTIAPA,300,11057,5,51%,3928,40.10%,1732,17.70%,104,1.10%
339,2216,SAN JOSï¿½ï¿½ï¿½ï¿,JUTIAPA,517,13786,1,54.90%,5616,44.80%,2341,18.70%,202,1.60%
340,2217,QUEZADA,JUTIAPA,1185,23311,3,55.80%,9249,44.10%,3967,18.90%,290,1.40%
341,,SIN DATO,(OTROS),2881,,9,,,,,,,
342,,SIN DATO,ALTA VERAPAZ,8,,13,,,,,,,
343,,SIN DATO,BAJA VERAPAZ,12,,6,,,,,,,
344,,SIN DATO,CHIMALTENANGO,43,,19,,,,,,,
345,,SIN DATO,CHIQUIMULA,5,,4,,,,,,,
346,,SIN DATO,EL PROGRESO,38,,8,,,,,,,
347,,SIN DATO,ESCUINTLA,41,,18,,,,,,,
348,,SIN DATO,GUATEMALA,345,,3,,,,,,,
349,,SIN DATO,HUEHUETENANGO,31,,,,,,,,,
350,,SIN DATO,IZABAL,14,,,,,,,,,
351,,SIN DATO,JALAPA,6,,,,,,,,,
352,,SIN DATO,JUTIAPA,6,,,,,,,,,
353,,SIN DATO,PETEN,5,,,,,,,,,
354,,SIN DATO,QUETZALTENANGO,42,,,,,,,,,
355,,SIN DATO,QUICHE,22,,,,,,,,,
356,,SIN DATO,RETALHULEU,5,,,,,,,,,
357,,SIN DATO,SACATEPEQUEZ,30,,,,,,,,,
358,,SIN DATO,SAN MARCOS,18,,,,,,,,,
359,,SIN DATO,SANTA ROSA,6,,,,,,,,,
360,,SIN DATO,SIN DATO,121,,,,,,,,,
361,,SIN DATO,SOLOLA,14,,,,,,,,,
362,,SIN DATO,SUCHITEPEQUEZ,43,,,,,,,,,
363,,SIN DATO,TOTONICAPAN,13,,,,,,,,,
364,,SIN DATO,ZACAPA,7,,,,,,,,,
